{
    "$schema": "https://schema.management.azure.com/schemas/2015-01-01/deploymentParameters.json#",
    "contentVersion": "1.0.0.0",
    "parameters": {
        "sites_ps_wep_name": {
            "value": null
        },
        "serverfarms_ps_wep_plan_name": {
            "value": null
        },
        "autoscalesettings_ps_wep_plan_scaling_name": {
            "value": null
        },
        "certificates_www_pstrainingen_nl_ps_front_undefined_name": {
            "value": null
        }
    }
}