{
    "$schema": "https://schema.management.azure.com/schemas/2019-04-01/deploymentTemplate.json#",
    "contentVersion": "1.0.0.0",
    "parameters": {
        "sites_ps_wep_name": {
            "defaultValue": "ps-wep",
            "type": "String"
        },
        "serverfarms_ps_wep_plan_name": {
            "defaultValue": "ps-wep-plan",
            "type": "String"
        },
        "autoscalesettings_ps_wep_plan_scaling_name": {
            "defaultValue": "ps-wep-plan-scaling",
            "type": "String"
        },
        "certificates_www_pstrainingen_nl_ps_front_undefined_name": {
            "defaultValue": "www.pstrainingen.nl-ps-front-undefined",
            "type": "String"
        }
    },
    "variables": {},
    "resources": [
        {
            "type": "Microsoft.Web/certificates",
            "apiVersion": "2022-09-01",
            "name": "[parameters('certificates_www_pstrainingen_nl_ps_front_undefined_name')]",
            "location": "West Europe",
            "properties": {
                "hostNames": [
                    "www.pstrainingen.nl"
                ],
                "canonicalName": "www.pstrainingen.nl"
            }
        },
        {
            "type": "Microsoft.Web/serverfarms",
            "apiVersion": "2022-09-01",
            "name": "[parameters('serverfarms_ps_wep_plan_name')]",
            "location": "West Europe",
            "sku": {
                "name": "S1",
                "tier": "Standard",
                "size": "S1",
                "family": "S",
                "capacity": 1
            },
            "kind": "app",
            "properties": {
                "perSiteScaling": false,
                "elasticScaleEnabled": false,
                "maximumElasticWorkerCount": 1,
                "isSpot": false,
                "reserved": false,
                "isXenon": false,
                "hyperV": false,
                "targetWorkerCount": 0,
                "targetWorkerSizeId": 0,
                "zoneRedundant": false
            }
        },
        {
            "type": "microsoft.insights/autoscalesettings",
            "apiVersion": "2022-10-01",
            "name": "[parameters('autoscalesettings_ps_wep_plan_scaling_name')]",
            "location": "West Europe",
            "dependsOn": [
                "[resourceId('Microsoft.Web/serverfarms', parameters('serverfarms_ps_wep_plan_name'))]"
            ],
            "properties": {
                "profiles": [
                    {
                        "name": "Auto created default scale condition",
                        "capacity": {
                            "minimum": "1",
                            "maximum": "10",
                            "default": "1"
                        },
                        "rules": [
                            {
                                "metricTrigger": {
                                    "metricName": "CpuPercentage",
                                    "metricNamespace": "microsoft.web/serverfarms",
                                    "metricResourceUri": "[resourceId('Microsoft.Web/serverfarms', parameters('serverfarms_ps_wep_plan_name'))]",
                                    "timeGrain": "PT1M",
                                    "statistic": "Average",
                                    "timeWindow": "PT5M",
                                    "timeAggregation": "Average",
                                    "operator": "GreaterThan",
                                    "threshold": 25,
                                    "dimensions": [],
                                    "dividePerInstance": false
                                },
                                "scaleAction": {
                                    "direction": "Increase",
                                    "type": "ChangeCount",
                                    "value": "1",
                                    "cooldown": "PT5M"
                                }
                            },
                            {
                                "metricTrigger": {
                                    "metricName": "CpuPercentage",
                                    "metricNamespace": "microsoft.web/serverfarms",
                                    "metricResourceUri": "[resourceId('Microsoft.Web/serverfarms', parameters('serverfarms_ps_wep_plan_name'))]",
                                    "timeGrain": "PT1M",
                                    "statistic": "Average",
                                    "timeWindow": "PT5M",
                                    "timeAggregation": "Average",
                                    "operator": "LessThan",
                                    "threshold": 15,
                                    "dimensions": [],
                                    "dividePerInstance": false
                                },
                                "scaleAction": {
                                    "direction": "Decrease",
                                    "type": "ChangeCount",
                                    "value": "1",
                                    "cooldown": "PT5M"
                                }
                            }
                        ]
                    }
                ],
                "enabled": false,
                "name": "[parameters('autoscalesettings_ps_wep_plan_scaling_name')]",
                "targetResourceUri": "[resourceId('Microsoft.Web/serverfarms', parameters('serverfarms_ps_wep_plan_name'))]",
                "notifications": [],
                "predictiveAutoscalePolicy": {
                    "scaleMode": "Disabled"
                }
            }
        },
        {
            "type": "Microsoft.Web/sites",
            "apiVersion": "2022-09-01",
            "name": "[parameters('sites_ps_wep_name')]",
            "location": "West Europe",
            "dependsOn": [
                "[resourceId('Microsoft.Web/serverfarms', parameters('serverfarms_ps_wep_plan_name'))]"
            ],
            "kind": "app",
            "properties": {
                "enabled": true,
                "hostNameSslStates": [
                    {
                        "name": "[concat(parameters('sites_ps_wep_name'), '.azurewebsites.net')]",
                        "sslState": "Disabled",
                        "hostType": "Standard"
                    },
                    {
                        "name": "[concat(parameters('sites_ps_wep_name'), '.scm.azurewebsites.net')]",
                        "sslState": "Disabled",
                        "hostType": "Repository"
                    }
                ],
                "serverFarmId": "[resourceId('Microsoft.Web/serverfarms', parameters('serverfarms_ps_wep_plan_name'))]",
                "reserved": false,
                "isXenon": false,
                "hyperV": false,
                "vnetRouteAllEnabled": false,
                "vnetImagePullEnabled": false,
                "vnetContentShareEnabled": false,
                "siteConfig": {
                    "numberOfWorkers": 1,
                    "acrUseManagedIdentityCreds": false,
                    "alwaysOn": true,
                    "http20Enabled": true,
                    "functionAppScaleLimit": 0,
                    "minimumElasticInstanceCount": 0
                },
                "scmSiteAlsoStopped": false,
                "clientAffinityEnabled": true,
                "clientCertEnabled": false,
                "clientCertMode": "Required",
                "hostNamesDisabled": false,
                "customDomainVerificationId": "28B4BA06E3D8BFAB4D4ADDFA78B81A26E6B38D4D647C87E44A17A214B19F0831",
                "containerSize": 0,
                "dailyMemoryTimeQuota": 0,
                "httpsOnly": false,
                "redundancyMode": "None",
                "storageAccountRequired": false,
                "keyVaultReferenceIdentity": "SystemAssigned"
            }
        },
        {
            "type": "Microsoft.Web/sites/basicPublishingCredentialsPolicies",
            "apiVersion": "2022-09-01",
            "name": "[concat(parameters('sites_ps_wep_name'), '/ftp')]",
            "location": "West Europe",
            "dependsOn": [
                "[resourceId('Microsoft.Web/sites', parameters('sites_ps_wep_name'))]"
            ],
            "properties": {
                "allow": true
            }
        },
        {
            "type": "Microsoft.Web/sites/basicPublishingCredentialsPolicies",
            "apiVersion": "2022-09-01",
            "name": "[concat(parameters('sites_ps_wep_name'), '/scm')]",
            "location": "West Europe",
            "dependsOn": [
                "[resourceId('Microsoft.Web/sites', parameters('sites_ps_wep_name'))]"
            ],
            "properties": {
                "allow": true
            }
        },
        {
            "type": "Microsoft.Web/sites/config",
            "apiVersion": "2022-09-01",
            "name": "[concat(parameters('sites_ps_wep_name'), '/web')]",
            "location": "West Europe",
            "dependsOn": [
                "[resourceId('Microsoft.Web/sites', parameters('sites_ps_wep_name'))]"
            ],
            "properties": {
                "numberOfWorkers": 1,
                "defaultDocuments": [
                    "Default.htm",
                    "Default.html",
                    "Default.asp",
                    "index.htm",
                    "index.html",
                    "iisstart.htm",
                    "default.aspx",
                    "index.php",
                    "hostingstart.html"
                ],
                "netFrameworkVersion": "v4.0",
                "phpVersion": "5.6",
                "requestTracingEnabled": false,
                "remoteDebuggingEnabled": false,
                "httpLoggingEnabled": false,
                "acrUseManagedIdentityCreds": false,
                "logsDirectorySizeLimit": 35,
                "detailedErrorLoggingEnabled": false,
                "publishingUsername": "$ps-wep",
                "scmType": "None",
                "use32BitWorkerProcess": true,
                "webSocketsEnabled": false,
                "alwaysOn": true,
                "managedPipelineMode": "Integrated",
                "virtualApplications": [
                    {
                        "virtualPath": "/",
                        "physicalPath": "site\\wwwroot",
                        "preloadEnabled": true
                    }
                ],
                "loadBalancing": "LeastRequests",
                "experiments": {
                    "rampUpRules": []
                },
                "autoHealEnabled": false,
                "vnetRouteAllEnabled": false,
                "vnetPrivatePortsCount": 0,
                "localMySqlEnabled": false,
                "ipSecurityRestrictions": [
                    {
                        "ipAddress": "Any",
                        "action": "Allow",
                        "priority": 2147483647,
                        "name": "Allow all",
                        "description": "Allow all access"
                    }
                ],
                "scmIpSecurityRestrictions": [
                    {
                        "ipAddress": "Any",
                        "action": "Allow",
                        "priority": 2147483647,
                        "name": "Allow all",
                        "description": "Allow all access"
                    }
                ],
                "scmIpSecurityRestrictionsUseMain": false,
                "http20Enabled": true,
                "minTlsVersion": "1.2",
                "scmMinTlsVersion": "1.2",
                "ftpsState": "FtpsOnly",
                "preWarmedInstanceCount": 0,
                "elasticWebAppScaleLimit": 0,
                "functionsRuntimeScaleMonitoringEnabled": false,
                "minimumElasticInstanceCount": 0,
                "azureStorageAccounts": {}
            }
        },
        {
            "type": "Microsoft.Web/sites/hostNameBindings",
            "apiVersion": "2022-09-01",
            "name": "[concat(parameters('sites_ps_wep_name'), '/', parameters('sites_ps_wep_name'), '.azurewebsites.net')]",
            "location": "West Europe",
            "dependsOn": [
                "[resourceId('Microsoft.Web/sites', parameters('sites_ps_wep_name'))]"
            ],
            "properties": {
                "siteName": "ps-wep",
                "hostNameType": "Verified"
            }
        },
        {
            "type": "Microsoft.Web/sites/snapshots",
            "apiVersion": "2015-08-01",
            "name": "[concat(parameters('sites_ps_wep_name'), '/2023-05-10T08_16_55_1950390')]",
            "dependsOn": [
                "[resourceId('Microsoft.Web/sites', parameters('sites_ps_wep_name'))]"
            ]
        }
    ]
}